Drug_ID,Drug,Y
abacavir,Nc1nc(NC2CC2)c2ncn([C@H]3C=C[C@@H](CO)C3)c2n1,0
abecarnil,COCc1c(C(=O)OC(C)C)ncc2[nH]c3ccc(OCc4ccccc4)cc3c12,0
acebutolol,CCCC(=O)Nc1ccc(OC[C@@H](O)CNC(C)C)c(C(C)=O)c1,0
aceclofenac,O=C(O)COC(=O)Cc1ccccc1Nc1c(Cl)cccc1Cl,1
acetaminophen,CC(=O)Nc1ccc(O)cc1,1
acetanilide,CC(=O)Nc1ccccc1,0
acetazolamide,CC(=O)Nc1nnc(S(N)(=O)=O)s1,0
adinazolam,CN(C)Cc1nnc2n1-c1ccc(Cl)cc1C(c1ccccc1)=NC2,0
albendazole,CCCSc1ccc2nc(NC(=O)OC)[nH]c2c1,1
albuterol,CC(C)(C)NC[C@@H](O)c1ccc(O)c(CO)c1,0
alfentanil,CCC(=O)N(c1ccccc1)C1(COC)CCN(CCn2nnn(CC)c2=O)CC1,0
almotriptan,CN(C)CCc1c[nH]c2ccc(CS(=O)(=O)N3CCCC3)cc12,0
alosetron,Cc1[nH]cnc1CN1CCc2c(c3ccccc3n2C)C1=O,1
alprazolam,Cc1nnc2n1-c1ccc(Cl)cc1C(c1ccccc1)=NC2,0
alprenolol,C=CCc1ccccc1OC[C@@H](O)CNC(C)C,0
ambroxol,Nc1c(Br)cc(Br)cc1CNC1CCC(O)CC1,0
aminoglutethimide,CC[C@]1(c2ccc(N)cc2)CCC(=O)NC1=O,0
amiflamine,Cc1cc(N(C)C)ccc1C[C@H](C)N,0
amiodarone,CCCCc1oc2ccccc2c1C(=O)c1cc(I)c(OCCN(CC)CC)c(I)c1,1
aminopyrine,Cc1c(N(C)C)c(=O)n(-c2ccccc2)n1C,1
amitriptyline,CN(C)CCC=C1c2ccccc2CCc2ccccc21,1
amlodipine,CCOC(=O)C1=C(COCCN)NC(C)=C(C(=O)OC)[C@@H]1c1ccccc1Cl,0
amodiaquin,CCN(CC)Cc1cc(Nc2ccnc3cc(Cl)ccc23)ccc1O,0
amprenavir,CC(C)CN(C[C@@H](O)[C@H](Cc1ccccc1)NC(=O)O[C@H]1CCOC1)S(=O)(=O)c1ccc(N)cc1,1
anastrozole,CC(C)(C#N)c1cc(Cn2cncn2)cc(C(C)(C)C#N)c1,0
aniline,Nc1ccccc1,0
anthraquinone,O=C1c2ccccc2C(=O)c2ccccc21,0
antipyrine,Cc1cc(=O)n(-c2ccccc2)n1C,1
apazone,CCC[C@H]1C(=O)N2C(N(C)C)=Nc3ccc(C)cc3N2C1=O,0
aprindine,CCN(CC)CCCN(c1ccccc1)C1Cc2ccccc2C1,0
argatroban,C[C@H]1CCN(C(=O)[C@H](CCCN=C(N)N)NS(=O)(=O)c2ccc3c(c2)C[C@@H](C)CN3)[C@@H](C(=O)O)C1,0
artesunate,C[C@@H]1CC[C@H]2[C@@H](C)[C@@H](OC(=O)CCC(=O)O)O[C@@H]3O[C@@]4(C)CC[C@@H]1[C@@]23OO4,0
astemizole,COc1ccc(CCN2CCC(Nc3nc4ccccc4n3Cc3ccc(F)cc3)CC2)cc1,0
atamestane,CC1=CC(=O)C=C2CC[C@H]3[C@@H]4CCC(=O)[C@@]4(C)CC[C@@H]3[C@@]12C,0
atazanavir,COC(=O)N[C@H](C(=O)N[C@@H](Cc1ccccc1)[C@H](O)CN(Cc1ccc(-c2ccccn2)cc1)NC(=O)[C@H](NC(=O)OC)C(C)(C)C)C(C)(C)C,0
atovaquone,O=C1C(=O)c2ccccc2C(O)=C1C1CCC(c2ccc(Cl)cc2)CC1,0
avitriptan,CNS(=O)(=O)Cc1ccc2[nH]cc(CCCN3CCN(c4ncncc4OC)CC3)c2c1,0
azimilide,CN1CCN(CCCCN2C(=O)CN(/N=C\c3ccc(-c4ccc(Cl)cc4)o3)C2=O)CC1,0
azithromycin,CC[C@H]1OC(=O)[C@H](C)[C@@H](O[C@H]2C[C@@](C)(OC)[C@@H](O)[C@H](C)O2)[C@H](C)[C@@H](O[C@@H]2O[C@H](C)C[C@H](N(C)C)[C@H]2O)[C@](C)(O)C[C@@H](C)CN(C)[C@H](C)[C@@H](O)[C@]1(C)O,0
barnidipine,COC(=O)C1=C(C)NC(C)=C(C(=O)O[C@H]2CCN(Cc3ccccc3)C2)[C@H]1c1cccc([N+](=O)[O-])c1,0
benidipine,COC(=O)C1=C(C)NC(C)=C(C(=O)O[C@@H]2CCCN(Cc3ccccc3)C2)[C@@H]1c1cccc([N+](=O)[O-])c1,0
benzene,c1ccccc1,0
betamethasone,C[C@H]1C[C@H]2[C@@H]3CCC4=CC(=O)C=C[C@]4(C)[C@@]3(F)[C@@H](O)C[C@]2(C)[C@@]1(O)C(=O)CO,0
betaxolol,CC(C)NC[C@H](O)COc1ccc(CCOCC2CC2)cc1,0
bexarotene,C=C(c1ccc(C(=O)O)cc1)c1cc2c(cc1C)C(C)(C)CCC2(C)C,0
bifonazol,c1ccc(-c2ccc([C@@H](c3ccccc3)n3ccnc3)cc2)cc1,0
bisoprolol,CC(C)NC[C@H](O)COc1ccc(COCCOC(C)C)cc1,0
benzbromarone,CCc1oc2ccccc2c1C(=O)c1cc(Br)c(O)c(Br)c1,0
boldenone,C[C@]12C=CC(=O)C=C1CC[C@@H]1[C@@H]2CC[C@]2(C)[C@@H](O)CC[C@@H]12,0
brofaromine,COc1cc(Br)c2oc(C3CCNCC3)cc2c1,0
bromazepam,O=C1CN=C(c2ccccn2)c2cc(Br)ccc2N1,0
bropirimine,Nc1nc(=O)c(Br)c(-c2ccccc2)[nH]1,0
brotizolam,Cc1nnc2n1-c1sc(Br)cc1C(c1ccccc1Cl)=NC2,0
budesonide,CCC[C@H]1O[C@@H]2C[C@H]3[C@@H]4CCC5=CC(=O)C=C[C@]5(C)[C@H]4[C@@H](O)C[C@]3(C)[C@]2(C(=O)CO)O1,0
buflomedil,COc1cc(OC)c(C(=O)CCCN2CCCC2)c(OC)c1,0
(R)(+)-bufuralol,CCc1cccc2cc([C@H](O)CNC(C)(C)C)oc12,1
bupranolol,Cc1ccc(Cl)c(OC[C@@H](O)CNC(C)(C)C)c1,0
buprenorphine,CO[C@]12CC[C@@]3(C[C@@H]1[C@](C)(O)C(C)(C)C)[C@H]1Cc4ccc(O)c5c4[C@@]3(CCN1CC1CC1)[C@@H]2O5,0
buspirone,O=C1CC2(CCCC2)CC(=O)N1CCCCN1CCN(c2ncccn2)CC1,0
caffeine,Cn1c(=O)c2c(ncn2C)n(C)c1=O,1
candesartan,CCOc1nc2cccc(C(=O)O)c2n1Cc1ccc(-c2ccccc2-c2nnn[nH]2)cc1,1
capravirine,CC(C)c1nc(COC(N)=O)n(Cc2ccncc2)c1Sc1cc(Cl)cc(Cl)c1,0
captopril,C[C@H](CS)C(=O)N1CCC[C@H]1C(=O)O,0
carbamazepine,NC(=O)N1c2ccccc2C=Cc2ccccc21,1
carbimazole,CCOC(=O)n1ccn(C)c1=S,0
carisoprodol,CCC[C@@](C)(COC(N)=O)COC(=O)NC(C)C,0
carteolol,CC(C)(C)NC[C@H](O)COc1cccc2c1CCC(=O)N2,0
carvedilol,COc1ccccc1OCCNC[C@H](O)COc1cccc2[nH]c3ccccc3c12,1
cathinone,C[C@H](N)C(=O)c1ccccc1,0
celecoxib,Cc1ccc(-c2cc(C(F)(F)F)nn2-c2ccc(S(N)(=O)=O)cc2)cc1,1
chenodiol,C[C@H](CCC(=O)O)[C@H]1CC[C@H]2[C@H]3[C@H](CC[C@@]21C)[C@@]1(C)CC[C@@H](O)C[C@@H]1C[C@H]3O,0
chlorguanide,CC(C)/N=C(N)\N=C(/N)Nc1ccc(Cl)cc1,1
chloroform,ClC(Cl)Cl,1
chloroquine,CCN(CC)CCC[C@H](C)Nc1ccnc2cc(Cl)ccc12,0
chlorzoxazone,Oc1nc2cc(Cl)ccc2o1,0
chlorpheniramine,CN(C)CC[C@H](c1ccc(Cl)cc1)c1ccccn1,0
chlorpyrifos,CCOP(=S)(OCC)Oc1nc(Cl)c(Cl)cc1Cl,1
chloramphenicol,O=C(N[C@H](CO)[C@H](O)c1ccc([N+](=O)[O-])cc1)C(Cl)Cl,0
cifenline,c1ccc(C2(c3ccccc3)C[C@H]2C2=NCCN2)cc1,0
cilnidipine,COCCOC(=O)C1=C(C)NC(C)=C(C(=O)OC/C=C/c2ccccc2)[C@H]1c1cccc([N+](=O)[O-])c1,0
cilostazol,O=C1CCc2cc(OCCCCc3nnnn3C3CCCCC3)ccc2N1,0
cinnarizine,C(=C/c1ccccc1)\CN1CCN(C(c2ccccc2)c2ccccc2)CC1,1
ciprofloxacin,O=C(O)c1cn(C2CC2)c2cc(N3CCNCC3)c(F)cc2c1=O,0
ciprofibrate,CC(C)(Oc1ccc([C@@H]2CC2(Cl)Cl)cc1)C(=O)O,0
cisapride,COc1cc(N)c(Cl)cc1C(=O)N[C@H]1CCN(CCCOc2ccc(F)cc2)C[C@H]1OC,1
citalopram,CN(C)CCC[C@@]1(c2ccc(F)cc2)OCc2cc(C#N)ccc21,0
clarithromycin,CC[C@H]1OC(=O)[C@H](C)[C@@H](O[C@H]2C[C@@](C)(OC)[C@@H](O)[C@H](C)O2)[C@H](C)[C@@H](O[C@@H]2O[C@H](C)C[C@H](N(C)C)[C@H]2O)[C@](C)(OC)C[C@@H](C)C(=O)[C@H](C)[C@@H](O)[C@]1(C)O,0
clofazimine,CC(C)/N=c1/cc2n(-c3ccc(Cl)cc3)c3ccccc3nc-2cc1Nc1ccc(Cl)cc1,0
clomethiazole,Cc1ncsc1CCCl,0
clomipramine,CN(C)CCCN1c2ccccc2CCc2ccc(Cl)cc21,1
clonazepam,O=C1CN=C(c2ccccc2Cl)c2cc([N+](=O)[O-])ccc2N1,0
clopentixol,OCCN1CCN(CC/C=C2/c3ccccc3Sc3ccc(Cl)cc32)CC1,0
clopidogrel,COC(=O)[C@H](c1ccccc1Cl)N1CCc2sccc2C1,0
clotrimazole,Clc1ccccc1C(c1ccccc1)(c1ccccc1)n1ccnc1,0
clozapine,CN1CCN(C2=Nc3cc(Cl)ccc3Nc3ccccc32)CC1,1
chlorpromazine,CN(C)CCCN1c2ccccc2Sc2ccc(Cl)cc21,0
cocaine,COC(=O)[C@H]1[C@@H](OC(=O)c2ccccc2)C[C@@H]2CC[C@H]1N2C,0
colchicine,COc1cc2c(c(OC)c1OC)-c1ccc(OC)c(=O)cc1[C@@H](NC(C)=O)CC2,0
cortsione,C[C@]12CC(=O)[C@H]3[C@@H](CCC4=CC(=O)CC[C@@]43C)[C@@H]1CC[C@]2(O)C(=O)CO,0
(-)-cotinine,CN1C(=O)CC[C@H]1c1cccnc1,0
coumarin,O=c1ccc2ccccc2o1,0
cyclobenzaprine,CN(C)CCC=C1c2ccccc2C=Cc2ccccc21,0
cyclophosphamide,O=[P@]1(N(CCCl)CCCl)NCCCO1,1
cyproterone,CC(=O)[C@@]1(O)CC[C@H]2[C@@H]3C=C(Cl)C4=CC(=O)[C@@H]5C[C@@H]5[C@]4(C)[C@H]3CC[C@@]21C,0
dalfopristin,CCN(CC)CCS(=O)(=O)[C@@H]1CCN2C(=O)c3coc(n3)CC(=O)C[C@H](O)C=C(C)C=CCNC(=O)C=C[C@@H](C)[C@@H](C(C)C)OC(=O)[C@@H]12,0
danazol,C#C[C@]1(O)CC[C@H]2[C@@H]3CCC4=Cc5oncc5C[C@]4(C)[C@H]3CC[C@@]21C,0
daunorubicine,COc1cccc2c1C(=O)c1c(O)c3c(c(O)c1C2=O)C[C@@](O)(C(C)=O)C[C@@H]3O[C@H]1C[C@H](N)[C@H](O)[C@H](C)O1,0
debrisoquin,N=C(N)N1CCc2ccccc2C1,0
delapril,CCOC(=O)[C@H](CCc1ccccc1)N[C@@H](C)C(=O)N(CC(=O)O)C1Cc2ccccc2C1,0
desloratadine,Clc1ccc2c(c1)CCc1cccnc1C2=C1CCNCC1,0
desogestrel,C#C[C@]1(O)CC[C@H]2[C@@H]3CCC4=CCCC[C@@H]4[C@H]3C(=C)C[C@@]21CC,1
dexamethasone,C[C@@H]1C[C@H]2[C@@H]3CCC4=CC(=O)C=C[C@]4(C)[C@@]3(F)[C@@H](O)C[C@]2(C)[C@@]1(O)C(=O)CO,0
dexloxiglumide,CCCCCN(CCCOC)C(=O)[C@@H](CCC(=O)O)NC(=O)c1ccc(Cl)c(Cl)c1,0
dexmedetomidine,Cc1cccc([C@H](C)c2c[nH]cn2)c1C,0
dextromethorphan,COc1ccc2c(c1)[C@@]13CCCC[C@H]1[C@@H](C2)N(C)CC3,1
diazepam,CN1C(=O)CN=C(c2ccccc2)c2cc(Cl)ccc21,1
diclofenac,O=C(O)Cc1ccccc1Nc1c(Cl)cccc1Cl,1
dicumarol,O=c1oc2ccccc2c(O)c1Cc1c(O)c2ccccc2oc1=O,1
dieldrin,ClC1=C(Cl)[C@]2(Cl)[C@@H]3[C@@H]4C[C@H]([C@@H]3[C@@]1(Cl)C2(Cl)Cl)[C@H]1O[C@@H]41,0
difloxacin,CN1CCN(c2cc3c(cc2F)c(=O)c(C(=O)O)cn3-c2ccc(F)cc2)CC1,0
digitoxin,C[C@H]1O[C@@H](O[C@H]2[C@@H](O)C[C@H](O[C@H]3[C@@H](O)C[C@H](O[C@H]4CC[C@]5(C)[C@H]6CC[C@]7(C)[C@@H](C8=CC(=O)OC8)CC[C@]7(O)[C@@H]6CC[C@@H]5C4)O[C@@H]3C)O[C@@H]2C)C[C@H](O)[C@@H]1O,0
dihydroergotamine,CN1C[C@H](C(=O)N[C@]2(C)O[C@@]3(O)[C@@H]4CCCN4C(=O)[C@H](Cc4ccccc4)N3C2=O)C[C@@H]2c3cccc4[nH]cc(c34)C[C@H]21,0
diltiazem,COc1ccc([C@@H]2Sc3ccccc3N(CCN(C)C)C(=O)[C@@H]2OC(C)=O)cc1,1
diosmin,COc1ccc(-c2cc(=O)c3c(O)cc(O[C@@H]4O[C@H](CO[C@@H]5O[C@@H](C)[C@H](O)[C@@H](O)[C@H]5O)[C@@H](O)[C@H](O)[C@H]4O)cc3o2)cc1O,0
diphenhydramine,CN(C)CCOC(c1ccccc1)c1ccccc1,0
diprafenone,CCC(C)(C)NC[C@H](O)COc1ccccc1C(=O)CCc1ccccc1,0
dirithromycin,CC[C@H]1OC(=O)[C@H](C)[C@@H](O[C@H]2C[C@@](C)(OC)[C@@H](O)[C@H](C)O2)[C@H](C)[C@@H](O[C@@H]2O[C@H](C)C[C@H](N(C)C)[C@H]2O)[C@](C)(O)C[C@@H](C)[C@@H]2N[C@@H](COCCOC)O[C@H]([C@H]2C)[C@]1(C)O,0
disopyramide,CC(C)N(CC[C@@](C(N)=O)(c1ccccc1)c1ccccn1)C(C)C,1
disulfamide,Cc1cc(Cl)c(S(N)(=O)=O)cc1S(N)(=O)=O,0
disulfiram,CCN(CC)C(=S)SSC(=S)N(CC)CC,0
dofetilide,CN(CCOc1ccc(NS(C)(=O)=O)cc1)CCc1ccc(NS(C)(=O)=O)cc1,0
dolasetron,O=C(OC1C[C@@H]2CC3C[C@H](C1)N2CC3=O)c1c[nH]c2ccccc12,1
donepezil,COc1cc2c(cc1OC)C(=O)[C@H](CC1CCN(Cc3ccccc3)CC1)C2,0
dorzolamide,CCN[C@H]1C[C@H](C)S(=O)(=O)c2sc(S(N)(=O)=O)cc21,1
doxepin,CN(C)CC/C=C1/c2ccccc2COc2ccccc21,1
doxycycline,C[C@H]1c2cccc(O)c2C(=O)C2=C(O)[C@]3(O)C(=O)C(C(N)=O)=C(O)[C@@H](N(C)C)[C@@H]3[C@@H](O)[C@@H]21,0
drospirenone,C[C@]12CC[C@H]3[C@H]([C@@H]1[C@@H]1C[C@@H]1[C@@]21CCC(=O)O1)[C@H]1C[C@H]1C1=CC(=O)CC[C@@]13C,0
dutasteride,C[C@]12CC[C@H]3[C@@H](CC[C@H]4NC(=O)C=C[C@]34C)[C@@H]1CC[C@@H]2C(=O)Nc1cc(C(F)(F)F)ccc1C(F)(F)F,0
ebastine,CC(C)(C)c1ccc(C(=O)CCCN2CCC(OC(c3ccccc3)c3ccccc3)CC2)cc1,0
ecabapide,CNC(=O)c1cccc(NCC(=O)NCCc2ccc(OC)c(OC)c2)c1,0
econazole,Clc1ccc(CO[C@@H](Cn2ccnc2)c2ccc(Cl)cc2Cl)cc1,0
efavirenz,O=C1Nc2ccc(Cl)cc2[C@@](C#CC2CC2)(C(F)(F)F)O1,0
eletriptan,CN1CCC[C@@H]1Cc1c[nH]c2ccc(CCS(=O)(=O)c3ccccc3)cc12,1
encainide,COc1ccc(C(=O)Nc2ccccc2CC[C@H]2CCCCN2C)cc1,0
enflurane,FC(F)OC(F)(F)[C@@H](F)Cl,0
enoxacin,CCn1cc(C(=O)O)c(=O)c2cc(F)c(N3CCNCC3)nc21,0
epinastine,NC1=NC[C@@H]2c3ccccc3Cc3ccccc3N12,0
epinephrine,CNC[C@H](O)c1ccc(O)c(O)c1,0
ergotamine,CN1C[C@H](C(=O)N[C@]2(C)O[C@@]3(O)[C@@H]4CCCN4C(=O)[C@H](Cc4ccccc4)N3C2=O)C=C2c3cccc4[nH]cc(c34)C[C@H]21,0
erythromycin-A,CC[C@H]1OC(=O)[C@H](C)[C@@H](O[C@H]2C[C@@](C)(OC)[C@@H](O)[C@H](C)O2)[C@H](C)[C@@H](O[C@@H]2O[C@H](C)C[C@H](N(C)C)[C@H]2O)[C@](C)(O)C[C@@H](C)C(=O)[C@H](C)[C@@H](O)[C@]1(C)O,0
estrone,C[C@]12CC[C@@H]3c4ccc(O)cc4CC[C@H]3[C@@H]1CCC2=O,1
ethylbenzene,CCc1ccccc1,0
ethinylestradiol,C#C[C@]1(O)CC[C@H]2[C@@H]3CCc4cc(O)ccc4[C@H]3CC[C@@]21C,0
ethosuximide,CC[C@]1(C)CC(=O)NC1=O,0
ethotoin,CCN1C(=O)N[C@H](c2ccccc2)C1=O,0
ethylmorphine,CCOc1ccc2c3c1O[C@H]1[C@@H](O)C=C[C@H]4[C@@H](C2)N(C)CC[C@]314,0
ethanol,CCO,0
etomidate,CCOC(=O)c1cncn1[C@H](C)c1ccccc1,0
etonogestrel,C#C[C@]1(O)CC[C@H]2[C@@H]3CCC4=CC(=O)CC[C@@H]4[C@H]3C(=C)C[C@@]21CC,0
etoperidone,CCc1nn(CCCN2CCN(c3cccc(Cl)c3)CC2)c(=O)n1CC,1
etroicoxib,Cc1ccc(-c2ncc(Cl)cc2-c2ccc(S(C)(=O)=O)cc2)cn1,1
everolismus,CO[C@H]1C[C@@H]2CC[C@@H](C)[C@@](O)(O2)C(=O)C(=O)N2CCCC[C@H]2C(=O)O[C@H]([C@H](C)C[C@@H]2CC[C@@H](OCCO)[C@H](OC)C2)CC(=O)[C@H](C)C=C(C)[C@@H](O)[C@@H](OC)C(=O)[C@H](C)C[C@H](C)C=CC=CC=C1C,0
exemestane,C=C1C[C@@H]2[C@H](CC[C@]3(C)C(=O)CC[C@@H]23)[C@@]2(C)C=CC(=O)C=C12,0
ezlopitant,COc1ccc(C(C)C)cc1CN[C@H]1C2CCN(CC2)[C@H]1C(c1ccccc1)c1ccccc1,0
fadrozole,N#Cc1ccc([C@H]2CCCc3cncn32)cc1,0
famotidine,NC(N)=Nc1nc(CSCC/C(N)=N\S(N)(=O)=O)cs1,0
felbamate,NC(=O)OCC(COC(N)=O)c1ccccc1,0
fenfluramine,CCN[C@H](C)Cc1cccc(C(F)(F)F)c1,0
fenobibrate,CC(C)OC(=O)C(C)(C)Oc1ccc(C(=O)c2ccc(Cl)cc2)cc1,0
fentanyl,CCC(=O)N(c1ccccc1)C1CCN(CCc2ccccc2)CC1,0
fexofenadine,CC(C)(C(=O)O)c1ccc([C@@H](O)CCCN2CCC(C(O)(c3ccccc3)c3ccccc3)CC2)cc1,0
finasteride,CC(C)(C)NC(=O)[C@H]1CC[C@H]2[C@@H]3CC[C@H]4NC(=O)C=C[C@]4(C)[C@H]3CC[C@]12C,0
flecainide,O=C(NC[C@H]1CCCCN1)c1cc(OCC(F)(F)F)ccc1OCC(F)(F)F,0
floxacillin,Cc1onc(-c2c(F)cccc2Cl)c1C(=O)N[C@@H]1C(=O)N2[C@@H](C(=O)O)C(C)(C)S[C@H]12,0
fluconazole,OC(Cn1cncn1)(Cn1cncn1)c1ccc(F)cc1F,0
flufenamic-acid,O=C(O)c1ccccc1Nc1cccc(C(F)(F)F)c1,0
flunarizine,Fc1ccc(C(c2ccc(F)cc2)N2CCN(C/C=C/c3ccccc3)CC2)cc1,1
flunitrazepam,CN1C(=O)CN=C(c2ccccc2F)c2cc([N+](=O)[O-])ccc21,1
fluperlapine,CN1CCN(C2=Nc3cc(F)ccc3Cc3ccccc32)CC1,0
fluphenazine,OCCN1CCN(CCCN2c3ccccc3Sc3ccc(C(F)(F)F)cc32)CC1,0
fluracil,O=c1[nH]cc(F)c(=O)[nH]1,0
flurazepam,CCN(CC)CCN1C(=O)CN=C(c2ccccc2F)c2cc(Cl)ccc21,0
flurbiprofen,C[C@@H](C(=O)O)c1ccc(-c2ccccc2)c(F)c1,1
flurithromycin,CC[C@H]1OC(=O)[C@H](C)[C@@H](O[C@H]2C[C@@](C)(OC)[C@@H](O)[C@H](C)O2)[C@H](C)[C@@H](O[C@@H]2O[C@H](C)C[C@H](N(C)C)[C@H]2O)[C@](C)(O)C[C@](C)(F)C(=O)[C@H](C)[C@@H](O)[C@]1(C)O,0
fluticasone-proprionate,CCC(=O)O[C@]1(C(=O)SCF)[C@H](C)C[C@H]2[C@@H]3C[C@H](F)C4=CC(=O)C=C[C@]4(C)[C@@]3(F)[C@@H](O)C[C@@]21C,0
fluvastatin,CC(C)n1c(/C=C\[C@@H](O)C[C@@H](O)CC(=O)O)c(-c2ccc(F)cc2)c2ccccc21,1
fluvoxamine,COCCCC/C(=N/OCCN)c1ccc(C(F)(F)F)cc1,0
fosphenytoin,O=C1NC(c2ccccc2)(c2ccccc2)C(=O)N1COP(=O)(O)O,0
fravatriptan,CN[C@@H]1CCc2[nH]c3ccc(C(N)=O)cc3c2C1,0
furafylline,Cc1nc2c([nH]1)c(=O)n(C)c(=O)n2Cc1ccco1,0
galanthamine,COc1ccc2c3c1O[C@H]1C[C@@H](O)C=C[C@@]31CCN(C)C2,0
gallopamil,COc1ccc(CCN(C)CCC[C@@](C#N)(c2cc(OC)c(OC)c(OC)c2)C(C)C)cc1OC,0
ganaxolone,CC(=O)[C@H]1CC[C@H]2[C@@H]3CC[C@H]4C[C@](C)(O)CC[C@]4(C)[C@H]3CC[C@]12C,0
gepirone,CC1(C)CC(=O)N(CCCCN2CCN(c3ncccn3)CC2)C(=O)C1,0
gestodene,C#C[C@]1(O)C=C[C@H]2[C@@H]3CCC4=CC(=O)CC[C@@H]4[C@H]3CC[C@@]21CC,0
glimepiride,CCC1=C(C)CN(C(=O)NCCc2ccc(S(=O)(=O)NC(=O)NC3CCC(C)CC3)cc2)C1=O,1
granisetron,CN1[C@H]2CCC[C@@H]1CC(NC(=O)c1nn(C)c3ccccc13)C2,0
grepafloxacin,Cc1c(F)c(N2CCN[C@H](C)C2)cc2c1c(=O)c(C(=O)O)cn2C1CC1,0
guanoxan,N=C(N)NC[C@@H]1COc2ccccc2O1,0
halofantrine,CCCCN(CCCC)CC[C@H](O)c1cc2c(Cl)cc(Cl)cc2c2cc(C(F)(F)F)ccc12,0
haloperidol,O=C(CCCN1CCC(O)(c2ccc(Cl)cc2)CC1)c1ccc(F)cc1,0
hexobarbital,CN1C(=O)[C@@](C)(C2=CCCCC2)C(=O)N=C1O,1
hydroxychloroquine,CCN(CCO)CCC[C@H](C)Nc1ccnc2cc(Cl)ccc12,0
hydroquinidine,CC[C@H]1CN2CC[C@H]1C[C@@H]2[C@@H](O)c1ccnc2ccc(OC)cc12,0
hydrocodone,COc1ccc2c3c1O[C@H]1C(=O)CC[C@H]4[C@@H](C2)N(C)CC[C@]314,0
hydrocortsione,C[C@]12C[C@H](O)[C@H]3[C@@H](CCC4=CC(=O)CC[C@@]43C)[C@@H]1CC[C@]2(O)C(=O)CO,0
hydroxyzine,OCCOCCN1CCN([C@H](c2ccccc2)c2ccc(Cl)cc2)CC1,0
(-)-ibuprofen,CC(C)Cc1ccc([C@@H](C)C(=O)O)cc1,1
iloperidone,COc1cc(C(C)=O)ccc1OCCCN1CCC(c2noc3cc(F)ccc23)CC1,0
imipramine,CN(C)CCCN1c2ccccc2CCc2ccccc21,1
imiquimod,CC(C)Cn1cnc2c(N)nc3ccccc3c21,0
indoramine,O=C(NC1CCN(CCc2c[nH]c3ccccc23)CC1)c1ccccc1,0
irbesartan,CCCCC1=NC2(CCCC2)C(=O)N1Cc1ccc(-c2ccccc2-c2nnn[nH]2)cc1,1
isoconazole,Clc1ccc([C@@H](Cn2ccnc2)OCc2c(Cl)cccc2Cl)c(Cl)c1,0
isoflurane,FC(F)O[C@@H](Cl)C(F)(F)F,0
isoniazid,NNC(=O)c1ccncc1,0
isosorbide-dinitrate,O=[N+]([O-])O[C@H]1CO[C@H]2[C@@H]1OC[C@H]2O[N+](=O)[O-],0
isradipine,COC(=O)C1=C(C)NC(C)=C(C(=O)OC(C)C)[C@H]1c1cccc2nonc12,0
itraconazole,CC[C@H](C)n1ncn(-c2ccc(N3CCN(c4ccc(OC[C@H]5CO[C@](Cn6cncn6)(c6ccc(Cl)cc6Cl)O5)cc4)CC3)cc2)c1=O,0
ketoprofen,C[C@@H](C(=O)O)c1cccc(C(=O)c2ccccc2)c1,0
labetalol,C[C@@H](CCc1ccccc1)NC[C@H](O)c1ccc(O)c(C(N)=O)c1,0
leflunomide,Cc1oncc1C(=O)Nc1ccc(C(F)(F)F)cc1,0
lercandipine,COC(=O)C1=C(C)NC(C)=C(C(=O)OC(C)(C)CN(C)CCC(c2ccccc2)c2ccccc2)[C@H]1c1cccc([N+](=O)[O-])c1,0
letrozole,N#Cc1ccc(C(c2ccc(C#N)cc2)n2cncn2)cc1,0
levobupivacaine,CCCCN1CCCC[C@H]1C(=O)Nc1c(C)cccc1C,0
liarozol,Clc1cccc([C@H](c2ccc3nc[nH]c3c2)n2ccnc2)c1,0
lilopristone,CN(C)c1ccc([C@H]2C[C@@]3(C)[C@@H](CC[C@@]3(O)/C=C/CO)[C@@H]3CCC4=CC(=O)CCC4=C32)cc1,0
linezolid,CC(=O)NC[C@H]1CN(c2ccc(N3CCOCC3)c(F)c2)C(=O)O1,0
lisofylline,C[C@@H](O)CCCCn1c(=O)c2c(ncn2C)n(C)c1=O,0
lomefloxacin,CCn1cc(C(=O)O)c(=O)c2cc(F)c(N3CCN[C@H](C)C3)c(F)c21,0
lomustine,O=NN(CCCl)C(=O)NC1CCCCC1,0
lopinavir,Cc1cccc(C)c1OCC(=O)N[C@@H](Cc1ccccc1)[C@@H](O)C[C@H](Cc1ccccc1)NC(=O)[C@H](C(C)C)N1CCCNC1=O,0
loratadine,CCOC(=O)N1CCC(=C2c3ccc(Cl)cc3CCc3cccnc32)CC1,0
lornoxicam,CN1C(C(=O)Nc2ccccn2)=C(O)c2sc(Cl)cc2S1(=O)=O,1
losartan,CCCCc1nc(Cl)c(CO)n1Cc1ccc(-c2ccccc2-c2nnn[nH]2)cc1,1
losigamone,COC1=CC(=O)O[C@H]1[C@H](O)c1ccccc1Cl,0
lumefantrine,CCCCN(CCCC)C[C@@H](O)c1cc(Cl)cc2c1-c1ccc(Cl)cc1/C2=C\c1ccc(Cl)cc1,0
malthion,CCOC(=O)C[C@@H](SP(=S)(OC)OC)C(=O)OCC,0
manidipine,COC(=O)C1=C(C)NC(C)=C(C(=O)OCCN2CCN(C(c3ccccc3)c3ccccc3)CC2)[C@H]1c1cccc([N+](=O)[O-])c1,0
maprotiline,CNCCCC12CCC(c3ccccc31)c1ccccc12,0
mebendazole,COC(=O)Nc1nc2cc(C(=O)c3ccccc3)ccc2[nH]1,0
medifoxamine,CN(C)CC(Oc1ccccc1)Oc1ccccc1,0
mefenamic-acid,Cc1cccc(Nc2ccccc2C(=O)O)c1C,1
mefloquine,O[C@@H](c1cc(C(F)(F)F)nc2c(C(F)(F)F)cccc12)[C@H]1CCCCN1,0
meloxicam,Cc1cnc(NC(=O)C2=C(O)c3ccccc3S(=O)(=O)N2C)s1,1
methoxyflurane,COC(F)(F)C(Cl)Cl,0
meperidine,CCOC(=O)C1(c2ccccc2)CCN(C)CC1,0
methylprednisolone,C[C@H]1C[C@H]2[C@@H]3CC[C@](O)(C(=O)CO)[C@@]3(C)C[C@H](O)[C@@H]2[C@@]2(C)C=CC(=O)C=C12,0
mequitazine,c1ccc2c(c1)Sc1ccccc1N2C[C@H]1CN2CCC1CC2,0
mestranol,C#C[C@]1(O)CC[C@H]2[C@@H]3CCc4cc(OC)ccc4[C@H]3CC[C@@]21C,1
methamphetamine,CN[C@@H](C)Cc1ccccc1,0
methimazole,Cn1ccnc1S,0
methomyl,CNC(=O)O/N=C(\C)SC,0
methoxsalen,COc1c2occc2cc2ccc(=O)oc12,0
metoclopramide,CCN(CC)CCNC(=O)c1cc(Cl)c(N)cc1OC,0
metoprolol,COCCc1ccc(OC[C@@H](O)CNC(C)C)cc1,0
metronidazole,Cc1ncc([N+](=O)[O-])n1CCO,1
metyrapone,CC(C)(C(=O)c1cccnc1)c1cccnc1,0
mexazolam,C[C@@H]1CO[C@]2(c3ccccc3Cl)c3cc(Cl)ccc3NC(=O)CN12,0
mexiletine,Cc1cccc(C)c1OC[C@@H](C)N,0
mianserin,CN1CCN2c3ccccc3Cc3ccccc3[C@@H]2C1,1
mibefradil,COCC(=O)O[C@]1(CCN(C)CCCc2nc3ccccc3[nH]2)CCc2cc(F)ccc2[C@@H]1C(C)C,0
miconazole,Clc1ccc(CO[C@@H](Cn2ccnc2)c2ccc(Cl)cc2Cl)c(Cl)c1,0
midazolam,Cc1ncc2n1-c1ccc(Cl)cc1C(c1ccccc1F)=NC2,1
mifepristone,CC#C[C@]1(O)CC[C@H]2[C@@H]3CCC4=CC(=O)CCC4=C3[C@@H](c3ccc(N(C)C)cc3)C[C@@]21C,0
milameline,CO/N=C\C1=CCCN(C)C1,0
minaprine,Cc1cc(-c2ccccc2)nnc1NCCN1CCOCC1,0
minoxidil,Nc1cc(N2CCCCC2)nc(N)[n+]1[O-],0
mirtazepine,CN1CCN2c3ccccc3Cc3cccnc3[C@@H]2C1,1
mitoxandrone,O=C1c2c(O)ccc(O)c2C(=O)c2c(NCCNCCO)ccc(NCCNCCO)c21,0
montelukast,CC(C)(O)c1ccccc1CC[C@@H](SCC1(CC(=O)O)CC1)c1cccc(/C=C\c2ccc3ccc(Cl)cc3n2)c1,1
moricizine,CCOC(=O)Nc1ccc2c(c1)N(C(=O)CCN1CCOCC1)c1ccccc1S2,0
morphine,CN1CC[C@]23c4c5ccc(O)c4O[C@H]2[C@@H](O)C=C[C@H]3[C@H]1C5,1
nafcillin,CCOc1ccc2ccccc2c1C(=O)N[C@@H]1C(=O)N2[C@@H](C(=O)O)C(C)(C)S[C@H]12,0
nalidixic-acid,CCn1cc(C(=O)O)c(=O)c2ccc(C)nc21,0
naproxen,COc1ccc2cc([C@H](C)C(=O)O)ccc2c1,1
nateglinide,CC(C)C1CCC(C(=O)N[C@H](Cc2ccccc2)C(=O)O)CC1,1
nefazodone,CCc1nn(CCCN2CCN(c3cccc(Cl)c3)CC2)c(=O)n1CCOc1ccccc1,0
nefiracetam,Cc1cccc(C)c1NC(=O)CN1CCCC1=O,0
nelfinavir,Cc1c(O)cccc1C(=O)N[C@@H](CSc1ccccc1)[C@H](O)CN1C[C@H]2CCCC[C@H]2C[C@H]1C(=O)NC(C)(C)C,1
nevirapine,Cc1ccnc2c1NC(=O)c1cccnc1N2C1CC1,1
nicardipine,COC(=O)C1=C(C)NC(C)=C(C(=O)OCCN(C)Cc2ccccc2)[C@H]1c1cccc([N+](=O)[O-])c1,0
nicotine,CN1CCC[C@H]1c1cccnc1,1
nifedipine,COC(=O)C1=C(C)NC(C)=C(C(=O)OC)C1c1ccccc1[N+](=O)[O-],0
niludipine,CCCOCCOC(=O)C1=C(C)NC(C)=C(C(=O)OCCOCCC)C1c1cccc([N+](=O)[O-])c1,0
nilvadipine,COC(=O)C1=C(C#N)NC(C)=C(C(=O)OC(C)C)[C@H]1c1cccc([N+](=O)[O-])c1,0
nimodipine,COCCOC(=O)C1=C(C)NC(C)=C(C(=O)OC(C)C)[C@@H]1c1cccc([N+](=O)[O-])c1,0
nimorazole,O=[N+]([O-])c1cncn1CCN1CCOCC1,0
nisoldipine,COC(=O)C1=C(C)NC(C)=C(C(=O)OCC(C)C)[C@H]1c1ccccc1[N+](=O)[O-],0
nitrendipine,CCOC(=O)C1=C(C)NC(C)=C(C(=O)OC)[C@@H]1c1cccc([N+](=O)[O-])c1,0
nitroglycerin,O=[N+]([O-])OCC(CO[N+](=O)[O-])O[N+](=O)[O-],0
nitrosamine,NN=O,0
norlastemizole,Fc1ccc(Cn2c(NC3CCNCC3)nc3ccccc32)cc1,0
norcodeine,COc1ccc2c3c1O[C@H]1[C@@H](O)C=C[C@H]4[C@@H](C2)NCC[C@]314,0
nordazepam,O=C1CN=C(c2ccccc2)c2cc(Cl)ccc2N1,0
norethindrone,C#C[C@]1(O)CC[C@H]2[C@@H]3CCC4=CC(=O)CC[C@@H]4[C@H]3CC[C@@]21C,0
norfloxacin,CCn1cc(C(=O)O)c(=O)c2cc(F)c(N3CCNCC3)cc21,0
fluoxetine,NCC[C@@H](Oc1ccc(C(F)(F)F)cc1)c1ccccc1,0
(-)-norgestrel,C#C[C@]1(O)CC[C@H]2[C@@H]3CCC4=CC(=O)CC[C@@H]4[C@H]3CC[C@@]21CC,0
nortriptyline,CNCCC=C1c2ccccc2CCc2ccccc21,0
ofloxacin,C[C@H]1COc2c(N3CCN(C)CC3)c(F)cc3c(=O)c(C(=O)O)cn1c23,0
olanzapine,Cc1cc2c(s1)Nc1ccccc1N=C2N1CCN(C)CC1,0
olopatadine,CN(C)CC/C=C1\c2ccccc2COc2ccc(CC(=O)O)cc21,0
oltipraz,Cc1c(-c2cnccn2)ssc1=S,0
omapatrilat,O=C(N[C@H]1CCS[C@H]2CCC[C@@H](C(=O)O)N2C1=O)[C@@H](S)Cc1ccccc1,0
onapristone,CN(C)c1ccc([C@H]2C[C@@]3(C)[C@@H](CC[C@]3(O)CCCO)[C@@H]3CCC4=CC(=O)CCC4=C32)cc1,0
opipramol,OCCN1CCN(CCCN2c3ccccc3C=Cc3ccccc32)CC1,0
orphenadrine,Cc1ccccc1[C@H](OCCN(C)C)c1ccccc1,0
oxamniquine,CC(C)NC[C@@H]1CCc2cc(CO)c([N+](=O)[O-])cc2N1,0
oxiconazole,Clc1ccc(CO/N=C(\Cn2ccnc2)c2ccc(Cl)cc2Cl)c(Cl)c1,0
oxodipine,CCOC(=O)C1=C(C)NC(C)=C(C(=O)OC)[C@@H]1c1cccc2c1OCO2,0
oxomemazine,C[C@H](CN(C)C)CN1c2ccccc2S(=O)(=O)c2ccccc21,0
oxprenolol,C=CCOc1ccccc1OC[C@@H](O)CNC(C)C,0
oxycodone,COc1ccc2c3c1O[C@H]1C(=O)CC[C@@]4(O)[C@@H](C2)N(C)CC[C@]314,0
pantoprazole,COc1ccnc(C[S@H](=O)c2nc3ccc(OC(F)F)cc3[nH]2)c1OC,0
papaverine,COc1ccc(Cc2nccc3cc(OC)c(OC)cc23)cc1OC,0
parathion,CCOP(=S)(OCC)Oc1ccc([N+](=O)[O-])cc1,0
paraxanthine,Cn1c(=O)[nH]c2ncn(C)c2c1=O,0
parecoxib,CCC(=O)NS(=O)(=O)c1ccc(-c2c(-c3ccccc3)noc2C)cc1,0
paroxetine,Fc1ccc([C@@H]2CCNC[C@H]2COc2ccc3c(c2)OCO3)cc1,0
pefloxacin,CCn1cc(C(=O)O)c(=O)c2cc(F)c(N3CCN(C)CC3)cc21,0
pentazocine,CC(C)=CCN1CC[C@]2(C)c3cc(O)ccc3C[C@H]1[C@H]2C,0
pentobarbital,CCC[C@@H](C)C1(CC)C(=O)NC(=O)NC1=O,0
pentoxifylline,CC(=O)CCCCn1c(=O)c2c(ncn2C)n(C)c1=O,0
prgolide,CCCN1C[C@H](CSC)C[C@@H]2c3cccc4[nH]cc(c34)C[C@H]21,0
perhexiline,C1CCC(C(C[C@H]2CCCCN2)C2CCCCC2)CC1,0
perospirone,O=C1[C@H]2CCCC[C@H]2C(=O)N1CCCCN1CCN(c2nsc3ccccc23)CC1,0
perphenazine,OCCN1CCN(CCCN2c3ccccc3Sc3ccc(Cl)cc32)CC1,1
phenacetin,CCOc1ccc(NC(C)=O)cc1,1
phencyclidine,c1ccc(C2(N3CCCCC3)CCCCC2)cc1,0
pilocarpine,CC[C@@H]1C(=O)OC[C@@H]1Cc1cncn1C,0
pimobendan,COc1ccc(-c2nc3cc(C4=NNC(=O)C[C@H]4C)ccc3[nH]2)cc1,0
pimozide,O=c1[nH]c2ccccc2n1C1CCN(CCCC(c2ccc(F)cc2)c2ccc(F)cc2)CC1,0
pinacidil,C[C@H](N/C(=N\C#N)Nc1ccncc1)C(C)(C)C,0
pindolol,CC(C)NC[C@H](O)COc1cccc2[nH]ccc12,0
pioglitazone,CCc1ccc(CCOc2ccc(C[C@@H]3SC(=O)NC3=O)cc2)nc1,0
piroxicam,CN1C(C(=O)Nc2ccccn2)=C(O)c2ccccc2S1(=O)=O,1
prasterone,C[C@]12CC[C@H]3[C@@H](CC=C4C[C@@H](O)CC[C@@]43C)[C@@H]1CCC2=O,0
praziquantel,O=C(C1CCCCC1)N1CC(=O)N2CCc3ccccc3[C@H]2C1,1
prednisolone,C[C@]12C[C@H](O)[C@H]3[C@@H](CCC4=CC(=O)C=C[C@@]43C)[C@@H]1CC[C@]2(O)C(=O)CO,0
prednisone,C[C@]12CC(=O)[C@H]3[C@@H](CCC4=CC(=O)C=C[C@@]43C)[C@@H]1CC[C@]2(O)C(=O)CO,0
pregnenolone,CC(=O)[C@H]1CC[C@H]2[C@@H]3CC=C4C[C@@H](O)CC[C@]4(C)[C@H]3CC[C@]12C,0
primaquine,COc1cc(N[C@@H](C)CCCN)c2ncccc2c1,0
primidone,CCC1(c2ccccc2)C(=O)NCNC1=O,0
proadifen,CCCC(C(=O)OCCN(CC)CC)(c1ccccc1)c1ccccc1,0
progesterone,CC(=O)[C@H]1CC[C@H]2[C@@H]3CCC4=CC(=O)CC[C@]4(C)[C@H]3CC[C@]12C,1
promazine,CN(C)CCCN1c2ccccc2Sc2ccccc21,1
propafenone,CCCNC[C@H](O)COc1ccccc1C(=O)CCc1ccccc1,0
n-propanol,CCCO,0
dextropropoxyphene,CCC(=O)O[C@](Cc1ccccc1)(c1ccccc1)[C@H](C)CN(C)C,0
propranolol,CC(C)NC[C@H](O)COc1cccc2ccccc12,0
pyrilamine,COc1ccc(CN(CCN(C)C)c2ccccn2)cc1,0
quercetin,O=c1c(O)c(-c2ccc(O)c(O)c2)oc2cc(O)cc(O)c12,0
quetiapine,OCCOCCN1CCN(C2=Nc3ccccc3Sc3ccccc32)CC1,1
quinacrine,CCN(CC)CCC[C@@H](C)Nc1c2ccc(Cl)cc2nc2ccc(OC)cc12,0
quinelorane,CCCN1CCC[C@@H]2Cc3nc(N)ncc3C[C@H]21,0
quinine,C=C[C@H]1CN2CC[C@H]1C[C@@H]2[C@H](O)c1ccnc2ccc(OC)cc12,0
quinuprostin,CC[C@@H]1NC(=O)[C@@H](NC(=O)c2ncccc2O)[C@@H](C)OC(=O)[C@H](c2ccccc2)NC(=O)[C@@H]2CC(=O)[C@H](CS[C@@H]3CN4CCC3CC4)CN2C(=O)[C@H](Cc2ccc(N(C)C)cc2)N(C)C(=O)[C@@H]2CCCN2C1=O,0
rabeprazole,COCCCOc1ccnc(C[S@@H](=O)c2nc3ccccc3[nH]2)c1C,0
raloxifene,O=C(c1ccc(OCCN2CCCCC2)cc1)c1c(-c2ccc(O)cc2)sc2cc(O)ccc12,0
ranitidine,CN/C(=C\[N+](=O)[O-])NCCSCc1ccc(CN(C)C)o1,0
remacemide,C[C@@](Cc1ccccc1)(NC(=O)CN)c1ccccc1,0
remoxipride,CCN1CCC[C@H]1CNC(=O)c1c(OC)ccc(Br)c1OC,0
repaglinide,CCOc1cc(CC(=O)N[C@@H](CC(C)C)c2ccccc2N2CCCCC2)ccc1C(=O)O,1
resiquimod,CCOCc1nc2c(N)nc3ccccc3c2n1CC(C)(C)O,0
retinoic-acid,CC1=C(/C=C\C(C)=C/C=C\C(C)=C/C(=O)O)C(C)(C)CCC1,0
rifabutin,CO[C@H]1C=CO[C@@]2(C)Oc3c(C)c(O)c4c(c3C2=O)C2=NC3(CCN(CC(C)C)CC3)NC2=C(NC(=O)C(C)=CC=C[C@H](C)[C@H](O)[C@@H](C)[C@@H](O)[C@@H](C)[C@H](OC(C)=O)[C@@H]1C)C4=O,0
rifamycin-SV,CO[C@H]1C=CO[C@@]2(C)Oc3c(C)c(O)c4c(O)c(cc(O)c4c3C2=O)NC(=O)C(C)=CC=C[C@H](C)[C@H](O)[C@@H](C)[C@@H](O)[C@@H](C)[C@H](OC(C)=O)[C@H]1C,0
rifapentine,CO[C@H]1C=CO[C@@]2(C)Oc3c(C)c(O)c4c(O)c(c(/C=N\N5CCN(C6CCCC6)CC5)c(O)c4c3C2=O)NC(=O)C(C)=CC=C[C@H](C)[C@H](O)[C@@H](C)[C@@H](O)[C@@H](C)[C@H](OC(C)=O)[C@H]1C,0
riluzole,Nc1nc2ccc(OC(F)(F)F)cc2s1,0
risperidone,Cc1nc2n(c(=O)c1CCN1CCC(c3noc4cc(F)ccc34)CC1)CCCC2,0
rogletimide,CC[C@@]1(c2ccncc2)CCC(=O)NC1=O,0
rokitamycin,CCCC(=O)O[C@H]1[C@H](C)O[C@@H](O[C@@H]2[C@@H](C)O[C@@H](O[C@@H]3[C@@H](OC)[C@H](O)CC(=O)O[C@H](C)CC=CC=C[C@H](O)[C@H](C)C[C@@H]3CC=O)[C@H](O)[C@H]2N(C)C)C[C@@]1(C)OC(=O)CC,0
ropinirole,CCCN(CCC)CCc1cccc2c1CC(=O)N2,0
rosiglitazone,CN(CCOc1ccc(C[C@@H]2SC(=O)NC2=O)cc1)c1ccccn1,1
rosuvastatin,CC(C)c1nc(N(C)S(C)(=O)=O)nc(-c2ccc(F)cc2)c1CC[C@@H](O)C[C@@H](O)CC(=O)O,1
roxithromycin,CC[C@H]1OC(=O)[C@H](C)[C@@H](O[C@H]2C[C@@](C)(OC)[C@@H](O)[C@H](C)O2)[C@H](C)[C@@H](O[C@@H]2O[C@H](C)C[C@H](N(C)C)[C@H]2O)[C@](C)(O)C[C@@H](C)/C(=N\OCOCCOC)[C@H](C)[C@@H](O)[C@]1(C)O,0
salicylic-acid,O=C(O)c1ccccc1O,0
salmeterol,OCc1cc([C@H](O)CNCCCCCCOCCCCc2ccccc2)ccc1O,0
saquinavir,CC(C)(C)NC(=O)[C@@H]1C[C@@H]2CCCC[C@@H]2CN1C[C@@H](O)[C@H](Cc1ccccc1)NC(=O)[C@H](CC(N)=O)NC(=O)c1ccc2ccccc2n1,0
selegiline,C#CCN(C)[C@@H](C)Cc1ccccc1,1
seratrodast,CC1=C(C)C(=O)C([C@@H](CCCCCC(=O)O)c2ccccc2)=C(C)C1=O,1
sertaline,CN[C@H]1CC[C@@H](c2ccc(Cl)c(Cl)c2)c2ccccc21,1
sertindole,O=C1NCCN1CCN1CCC(c2cn(-c3ccc(F)cc3)c3ccc(Cl)cc23)CC1,0
sevoflurane,FCOC(C(F)(F)F)C(F)(F)F,0
sibutramine,CC(C)C[C@H](N(C)C)C1(c2ccc(Cl)cc2)CCC1,0
sparteine,C1CCN2C[C@H]3C[C@H](CN4CCCC[C@H]34)[C@@H]2C1,0
stiripentol,CC(C)(C)[C@@H](O)/C=C\c1ccc2c(c1)OCO2,0
sufentanil,CCC(=O)N(c1ccccc1)C1(COC)CCN(CCc2cccs2)CC1,0
sulconazole,Clc1ccc(CS[C@@H](Cn2ccnc2)c2ccc(Cl)cc2Cl)cc1,0
sulfamoxol,Cc1onc(NS(=O)(=O)c2ccc(N)cc2)c1C,0
sulfasalazine,O=C(O)c1cc(/N=N\c2ccc(S(=O)(=O)Nc3ccccn3)cc2)ccc1O,0
sulfadimethoxine,COc1cc(OC)nc(NS(=O)(=O)c2ccc(N)cc2)n1,0
sulfadoxine,COc1ncnc(NS(=O)(=O)c2ccc(N)cc2)c1OC,0
sulfinpyrazone,O=C1C(CC[S@@H](=O)c2ccccc2)C(=O)N(c2ccccc2)N1c1ccccc1,1
sulfisoxazole,Cc1noc(NS(=O)(=O)c2ccc(N)cc2)c1C,0
sulfamerazine,Cc1ccnc(NS(=O)(=O)c2ccc(N)cc2)n1,0
sulfamethoxazole,Cc1cc(NS(=O)(=O)c2ccc(N)cc2)no1,1
sulfanilamide,Nc1ccc(S(N)(=O)=O)cc1,0
sulfaphenazole,Nc1ccc(S(=O)(=O)Nc2ccnn2-c2ccccc2)cc1,0
sulfapyridine,Nc1ccc(S(=O)(=O)Nc2ccccn2)cc1,0
sulindac,CC1=C(CC(=O)O)c2cc(F)ccc2/C1=C\c1ccc([S@@H](C)=O)cc1,0
sulpiride,CCN1CCC[C@@H]1CNC(=O)c1cc(S(N)(=O)=O)ccc1OC,0
suprofen,C[C@H](C(=O)O)c1cccc(C(=O)c2cccs2)c1,1
tacrine,Nc1c2c(nc3ccccc13)CCCC2,0
tasosartan,Cc1nc(C)c2c(n1)N(Cc1ccc(-c3ccccc3-c3nnn[nH]3)cc1)C(=O)CC2,0
tauromustine,CN(C)S(=O)(=O)CCNC(=O)N(CCCl)N=O,1
tazanolast,CCCCOC(=O)C(=O)Nc1cccc(-c2nnn[nH]2)c1,0
tazofelone,CC(C)(C)c1cc(C[C@H]2SCNC2=O)cc(C(C)(C)C)c1O,0
tegaserod,CCCCC/N=C(\N)N/N=C\c1c[nH]c2ccc(CO)cc12,0
telmisartan,CCCc1nc2c(C)cc(-c3nc4ccccc4n3C)cc2n1Cc1ccc(-c2ccccc2C(=O)O)cc1,0
temazepam,CN1C(=O)[C@H](O)N=C(c2ccccc2)c2cc(Cl)ccc21,1
teniposide,COc1cc([C@@H]2c3cc4c(cc3[C@@H](O[C@@H]3O[C@@H]5CO[C@@H](c6cccs6)O[C@H]5[C@H](O)[C@H]3O)[C@H]3COC(=O)[C@H]23)OCO4)cc(OC)c1O,0
tenofovir,C[C@H](Cn1cnc2c(N)ncnc21)OCP(=O)(O)O,0
tenoxicam,CN1C(C(=O)Nc2ccccn2)=C(O)c2sccc2S1(=O)=O,1
terbinafine,CN(C/C=C/C#CC(C)(C)C)Cc1cccc2ccccc12,1
terfenadine,CC(C)(C)c1ccc([C@H](O)CCCN2CCC(C(O)(c3ccccc3)c3ccccc3)CC2)cc1,0
terguride,CCN(CC)C(=O)N[C@H]1C[C@@H]2c3cccc4[nH]cc(c34)C[C@H]2N(C)C1,0
testolactone,C[C@]12CC[C@H]3[C@@H](CCC4=CC(=O)C=C[C@@]43C)[C@@H]1CCC(=O)O2,0
tetracycline,CN(C)[C@@H]1C(O)=C(C(N)=O)C(=O)[C@@]2(O)C(O)=C3C(=O)c4c(O)cccc4[C@@](C)(O)[C@H]3C[C@@H]12,0
tezosentan,COc1ccccc1Oc1c(NS(=O)(=O)c2ccc(C(C)C)cn2)nc(-c2ccnc(-c3nn[nH]n3)c2)nc1OCCO,0
trifluoperazine,CN1CCN(CCCN2c3ccccc3Sc3ccc(C(F)(F)F)cc32)CC1,0
thalidomide,O=C1CC[C@H](N2C(=O)c3ccccc3C2=O)C(=O)N1,0
theobromine,Cn1cnc2c1c(=O)[nH]c(=O)n2C,0
thiabendazole,c1ccc2[nH]c(-c3cscn3)nc2c1,0
thioridazine,CSc1ccc2c(c1)N(CC[C@@H]1CCCCN1C)c1ccccc1S2,0
tiagabine,Cc1ccsc1C(=CCCN1CCC[C@@H](C(=O)O)C1)c1sccc1C,0
ticlopidine,Clc1ccccc1CN1CCc2sccc2C1,0
ticrynafen,O=C(O)COc1ccc(C(=O)c2cccs2)c(Cl)c1Cl,1
timolol,CC(C)(C)NC[C@H](O)COc1nsnc1N1CCOCC1,0
timoprazole,O=[S@H](Cc1ccccn1)c1nc2ccccc2[nH]1,0
tinidazole,CCS(=O)(=O)CCn1c([N+](=O)[O-])cnc1C,0
tioconazole,Clc1ccc([C@@H](Cn2ccnc2)OCc2ccsc2Cl)c(Cl)c1,0
tipranavir,CCC[C@@]1(CCc2ccccc2)CC(=O)C([C@H](CC)c2cccc(NS(=O)(=O)c3ccc(C(F)(F)F)cn3)c2)=C(O)O1,0
tirilazad,C[C@@H]1C[C@H]2[C@@H]3CCC4=CC(=O)C=C[C@]4(C)C3=CC[C@]2(C)[C@H]1C(=O)CN1CCN(c2cc(N3CCCC3)nc(N3CCCC3)n2)CC1,0
tocainide,Cc1cccc(C)c1NC(=O)[C@H](C)N,0
tolperisone,Cc1ccc(C(=O)[C@H](C)CN2CCCCC2)cc1,0
(+)-tolterodine,Cc1ccc(O)c([C@@H](CCN(C(C)C)C(C)C)c2ccccc2)c1,1
toluene,Cc1ccccc1,0
tomoxetine,CNCC[C@@H](Oc1ccccc1C)c1ccccc1,1
tramadol,COc1cccc([C@@]2(O)CCCC[C@@H]2CN(C)C)c1,0
tranylcypromine,N[C@@H]1C[C@H]1c1ccccc1,0
triazolam,Cc1nnc2n1-c1ccc(Cl)cc1C(c1ccccc1Cl)=NC2,0
trifluperidol,O=C(CCCN1CCC(O)(c2cccc(C(F)(F)F)c2)CC1)c1ccc(F)cc1,0
trimethadione,CN1C(=O)OC(C)(C)C1=O,1
trimipramine,C[C@H](CN(C)C)CN1c2ccccc2CCc2ccccc21,0
trimetazidine,COc1ccc(CN2CCNCC2)c(OC)c1OC,0
trimethoprim,COc1cc(Cc2cnc(N)nc2N)cc(OC)c1OC,1
troglitazone,Cc1c(C)c2c(c(C)c1O)CC[C@](C)(COc1ccc(C[C@@H]3SC(=O)NC3=O)cc1)O2,1
troleandomycin,CO[C@H]1C[C@H](O[C@@H]2[C@@H](C)C(=O)O[C@H](C)[C@H](C)[C@H](OC(C)=O)[C@@H](C)C(=O)[C@@]3(CO3)C[C@H](C)[C@H](O[C@@H]3O[C@H](C)C[C@H](N(C)C)[C@H]3OC(C)=O)[C@H]2C)O[C@@H](C)[C@@H]1OC(C)=O,0
tropisetron,CN1[C@H]2CC[C@@H]1CC(OC(=O)c1c[nH]c3ccccc13)C2,1
valdecoxib,Cc1onc(-c2ccccc2)c1-c1ccc(S(N)(=O)=O)cc1,1
valproic-acid,CCCC(CCC)C(=O)O,1
valspodar,C/C=C/C[C@@H](C)C(=O)[C@H]1C(=O)N[C@@H](C(C)C)C(=O)N(C)CC(=O)N(C)[C@@H](CC(C)C)C(=O)N[C@H](C(C)C)C(=O)N(C)[C@@H](CC(C)C)C(=O)N[C@@H](C)C(=O)N[C@H](C)C(=O)N(C)[C@@H](CC(C)C)C(=O)N(C)[C@@H](CC(C)C)C(=O)N(C)[C@@H](C(C)C)C(=O)N1C,0
vanoxerine,Fc1ccc(C(OCCN2CCN(CCCc3ccccc3)CC2)c2ccc(F)cc2)cc1,0
venlafaxine,COc1ccc([C@H](CN(C)C)C2(O)CCCCC2)cc1,1
verapamil,COc1ccc(CCN(C)CCC[C@@](C#N)(c2ccc(OC)c(OC)c2)C(C)C)cc1OC,1
vinblastine,CC[C@]1(O)C[C@H]2CN(CCc3c([nH]c4ccccc34)[C@@](C(=O)OC)(c3cc4c(cc3OC)N(C)[C@H]3[C@@](O)(C(=O)OC)[C@H](OC(C)=O)[C@]5(CC)C=CCN6CC[C@]43[C@@H]65)C2)C1,0
vincristine,CC[C@]1(O)C[C@H]2CN(CCc3c([nH]c4ccccc34)[C@@](C(=O)OC)(c3cc4c(cc3OC)N(C=O)[C@H]3[C@@](O)(C(=O)OC)[C@H](OC(C)=O)[C@]5(CC)C=CCN6CC[C@]43[C@@H]65)C2)C1,0
voriconazole,C[C@@H](c1ncncc1F)[C@](O)(Cn1cncn1)c1ccc(F)cc1F,1
yohimbine,COC(=O)[C@H]1[C@@H](O)CC[C@H]2CN3CCc4c([nH]c5ccccc45)[C@@H]3C[C@@H]21,0
zafirlukast,COc1cc(C(=O)NS(=O)(=O)c2ccccc2C)ccc1Cc1cn(C)c2ccc(NC(=O)OC3CCCC3)cc12,1
zaltoprofen,C[C@@H](C(=O)O)c1ccc2c(c1)CC(=O)c1ccccc1S2,1
zatosetron,CN1[C@H]2CC[C@@H]1CC(NC(=O)c1cc(Cl)cc3c1OC(C)(C)C3)C2,0
ziprasidone,O=C1Cc2cc(CCN3CCN(c4nsc5ccccc45)CC3)c(Cl)cc2N1,0
zolmitriptan,CN(C)CCc1c[nH]c2ccc(C[C@H]3COC(=O)N3)cc12,0
zopiclone,CN1CCN(C(=O)O[C@H]2c3nccnc3C(=O)N2c2ccc(Cl)cn2)CC1,1
zoxazolamin,Nc1nc2cc(Cl)ccc2o1,0
